Product Name,Price,Ratings,Descriptions
"Motorola G85 5G (Olive Green, 256 GB)","₹19,999",4.4,12 GB RAM | 256 GB ROM16.94 cm (6.67 inch) Full HD+ Display50MP + 8MP | 32MP Front Camera5000 mAh Battery6s Gen 3 Processor1 Year on Handset and 6 Months on Accessories
"Motorola G85 5G (Cobalt Blue, 256 GB)","₹19,999",4.4,12 GB RAM | 256 GB ROM16.94 cm (6.67 inch) Full HD+ Display50MP + 8MP | 32MP Front Camera5000 mAh Battery6s Gen 3 Processor1 Year on Handset and 6 Months on Accessories
"Motorola g64 5G (Mint Green, 256 GB)","₹16,999",4.2,12 GB RAM | 256 GB ROM | Expandable Upto 1 TB16.51 cm (6.5 inch) Full HD+ Display50MP (OIS) + 8MP | 16MP Front Camera6000 mAh BatteryDimensity 7025 Processor1 Year on Handset and 6 Months on Accessories
"Motorola G85 5G (Olive Green, 128 GB)","₹17,999",4.4,8 GB RAM | 128 GB ROM16.94 cm (6.67 inch) Full HD+ Display50MP + 8MP | 32MP Front Camera5000 mAh Battery6s Gen 3 Processor1 Year on Handset and 6 Months on Accessories
"Motorola G85 5G (Viva Magenta, 128 GB)","₹17,999",4.4,8 GB RAM | 128 GB ROM16.94 cm (6.67 inch) Full HD+ Display50MP + 8MP | 32MP Front Camera5000 mAh Battery6s Gen 3 Processor1 Year on Handset and 6 Months on Accessories
"POCO M7 Pro 5G (Olive Twilight, 256 GB)","₹15,999",4.3,8 GB RAM | 256 GB ROM16.94 cm (6.67 inch) Full HD+ Display50MP + 2MP | 20MP Front Camera5110 mAh BatteryDimensity 7025 Ultra Processor1 Year Manufacturer Warranty for Phone and 6 Months Warranty for In the Box Accessories
"OnePlus Nord CE 3 Lite 5G (Chromatic Gray, 128 GB)","₹15,776",4.4,8 GB RAM | 128 GB ROM17.07 cm (6.72 inch) Display108MP Rear Camera5000 mAh BatteryDomestic Warranty of 12 months on phone & 6 months on accessories
"Motorola G85 5G (Cobalt Blue, 128 GB)","₹17,999",4.4,8 GB RAM | 128 GB ROM16.94 cm (6.67 inch) Full HD+ Display50MP + 8MP | 32MP Front Camera5000 mAh Battery6s Gen 3 Processor1 Year on Handset and 6 Months on Accessories
"REDMI Note 13 5G (Chromatic Purple, 256 GB)","₹16,999",4.2,8 GB RAM | 256 GB ROM | Expandable Upto 1 TB16.94 cm (6.67 inch) Full HD+ Display108MP + 2MP | 16MP Front Camera5000 mAh BatteryDimensity 6080 Processor1 Year Manufacturer Warranty for Phone and 6 Months Warranty for In the Box Accessories
"Motorola g64 5G (Pearl Blue, 256 GB)","₹16,999",4.2,12 GB RAM | 256 GB ROM | Expandable Upto 1 TB16.51 cm (6.5 inch) Full HD+ Display50MP (OIS) + 8MP | 16MP Front Camera6000 mAh BatteryDimensity 7025 Processor1 Year on Handset and 6 Months on Accessories
"OnePlus Nord CE 3 Lite 5G (Pastel Lime, 128 GB)","₹15,555",4.4,8 GB RAM | 128 GB ROM17.07 cm (6.72 inch) Display108MP Rear Camera5000 mAh BatteryDomestic Warranty of 12 months on phone & 6 months on accessories
"realme P2 Pro 5G (Eagle Grey, 128 GB)","₹19,999",4.4,8 GB RAM | 128 GB ROM17.02 cm (6.7 inch) Full HD+ Display50MP + 8MP | 32MP Front Camera5200 mAh Battery7s Gen2 Processor1 Year Manufacturer Warranty for Device and 6 Months Manufacturer Warranty for Inbox Accessories
"vivo T3 5G (Cosmic Blue, 128 GB)","₹18,499",4.4,8 GB RAM | 128 GB ROM16.94 cm (6.67 inch) Full HD+ Display50MP + 2MP | 16MP Front Camera5000 mAh BatteryDimensity 7200 Processor1 Year Manufacturer Warranty for Device and 6 Months Manufacturer Warranty for Inbox Accessories
"REDMI Note 13 5G (Prism Gold, 256 GB)","₹16,999",4.2,8 GB RAM | 256 GB ROM | Expandable Upto 1 TB16.94 cm (6.67 inch) Full HD+ Display108MP + 2MP | 16MP Front Camera5000 mAh BatteryDimensity 6080 Processor1 Year Manufacturer Warranty for Phone and 6 Months Warranty for In the Box Accessories
"REDMI Note-13 Pro 5G (Scarlet Red, 256 GB)","₹18,783",4.7,8 GB RAM | 256 GB ROM16.94 cm (6.67 inch) Display200MP (OIS) + 8MP + 2MP | 16MP Front Camera5100 mAh Battery7s Gen 2 Mobile Platform 5G Processor1 Year Manufacturer Warranty for Phone and 6 Months Warranty for In the Box Accessories
"vivo T3x 5G (Sapphire Blue, 128 GB)","₹13,999",4.5,6 GB RAM | 128 GB ROM | Expandable Upto 1 TB17.07 cm (6.72 inch) Full HD+ Display50MP + 2MP | 8MP Front Camera6000 mAh Battery6 Gen 1 Processor1 Year Manufacturer Warranty for Device and 6 Months Manufacturer Warranty for Inbox Accessories
"REDMI Note 13 5G (Arctic White, 256 GB)","₹16,999",4.2,8 GB RAM | 256 GB ROM | Expandable Upto 1 TB16.94 cm (6.67 inch) Full HD+ Display108MP + 2MP | 16MP Front Camera5000 mAh BatteryDimensity 6080 Processor1 Year Manufacturer Warranty for Phone and 6 Months Warranty for In the Box Accessories
"POCO M7 Pro 5G (Lavender Frost, 256 GB)","₹15,999",4.3,8 GB RAM | 256 GB ROM16.94 cm (6.67 inch) Full HD+ Display50MP + 2MP | 20MP Front Camera5110 mAh BatteryDimensity 7025 Ultra Processor1 Year Manufacturer Warranty for Phone and 6 Months Warranty for In the Box Accessories
"Motorola g64 5G (Berry Red, 256 GB)","₹16,999",4.2,12 GB RAM | 256 GB ROM | Expandable Upto 1 TB16.51 cm (6.5 inch) Full HD+ Display50MP (OIS) + 8MP | 16MP Front Camera6000 mAh BatteryDimensity 7025 Processor1 Year on Handset and 6 Months on Accessories
"IQOO Z9s 5G (Onyx Green, 128 GB)","₹19,410",4.4,8 GB RAM | 128 GB ROM17.2 cm (6.77 inch) Display50MP Rear Camera5500 mAh Battery1 Year on Handset and 6 Months on Accessories
"CMF by Nothing Phone 1 (Black, 128 GB)","₹16,999",4.4,8 GB RAM | 128 GB ROM | Expandable Upto 2 TB16.94 cm (6.67 inch) Full HD+ Display50MP + 2MP | 16MP Front Camera5000 mAh BatteryDimensity 7300 5G Processor1 Year Manufacturing Warranty
"REDMI Note 13 5G (Stealth Black, 256 GB)","₹17,499",4.1,12 GB RAM | 256 GB ROM | Expandable Upto 1 TB16.94 cm (6.67 inch) Full HD+ Display108MP + 2MP | 16MP Front Camera5000 mAh BatteryDimensity 6080 Processor1 Year Manufacturer Warranty for Phone and 6 Months Warranty for In the Box Accessories
"vivo T3 5G (Crystal Flake, 128 GB)","₹18,499",4.4,8 GB RAM | 128 GB ROM16.94 cm (6.67 inch) Full HD+ Display50MP + 2MP | 16MP Front Camera5000 mAh BatteryDimensity 7200 Processor1 Year Manufacturer Warranty for Device and 6 Months Manufacturer Warranty for Inbox Accessories
"REDMI Note 13 5G (Stealth Black, 256 GB)","₹15,990",4.2,8 GB RAM | 256 GB ROM16.94 cm (6.67 inch) Display108MP Rear Camera5000 mAh Battery1 Year Brand Warranty
"REDMI Note 13 5G (Arctic White, 128 GB)","₹14,999",4.2,6 GB RAM | 128 GB ROM16.94 cm (6.67 inch) Display108MP Rear Camera5000 mAh Battery1 Year Brand Warranty
"Motorola G85 5G (Urban Grey, 256 GB)","₹19,999",4.4,12 GB RAM | 256 GB ROM16.94 cm (6.67 inch) Full HD+ Display50MP + 8MP | 32MP Front Camera5000 mAh Battery6s Gen 3 Processor1 Year on Handset and 6 Months on Accessories
"OnePlus Nord CE4 lite 5G (MEGA BLUE, 128 GB)","₹17,232",4.4,8 GB RAM | 128 GB ROM16.94 cm (6.67 inch) Display50MP Rear Camera5500 mAh Battery1 year
"realme 12 Pro 5G (Submarine Blue, 128 GB)","₹19,999",4.4,8 GB RAM | 128 GB ROM17.02 cm (6.7 inch) Full HD+ Display50MP + 8MP + 32MP | 16MP Front Camera5000 mAh BatterySnapdragon 6 Gen 1 Processor1 Year Manufacturer Warranty for Device and 6 Months Manufacturer Warranty for Inbox Accessories
"IQOO z9x (Storm Grey, 128 GB)","₹13,444",4.4,6 GB RAM | 128 GB ROM | Expandable Upto 1 TB17.07 cm (6.72 inch) Full HD+ Display50MP + 2MP | 8MP Front Camera6000 mAh BatteryQualcomm SM6450 Snapdragon 6 Gen 1 Processor1 Year on Handset and 6 Months on Accessories
"Motorola G85 5G (Urban Grey, 128 GB)","₹17,999",4.4,8 GB RAM | 128 GB ROM16.94 cm (6.67 inch) Full HD+ Display50MP + 8MP | 32MP Front Camera5000 mAh Battery6s Gen 3 Processor1 Year on Handset and 6 Months on Accessories
"Infinix Note 40 5G (Titan Gold, 256 GB)","₹15,999",4.2,8 GB RAM | 256 GB ROM17.22 cm (6.78 inch) Full HD+ Display108MP + 2MP + 2MP | 32MP Front Camera5000 mAh BatteryDimensity 7020 Processor1 Year on Handset
"OnePlus Nord CE4 lite 5G (SUPER SILVER, 128 GB)","₹17,886",4.4,8 GB RAM | 128 GB ROM16.94 cm (6.67 inch) Display50MP Rear Camera5500 mAh Battery1 year
"REDMI Note 13 5G (Arctic White, 256 GB)","₹16,999",4.2,8 GB RAM | 256 GB ROM16.94 cm (6.67 inch) Display108MP Rear Camera5000 mAh Battery1 Year Brand Warranty
"REDMI Note 13 5G (Prism Gold, 256 GB)","₹15,978",4.2,8 GB RAM | 256 GB ROM16.94 cm (6.67 inch) Full HD+ Display108MP Rear Camera5000 mAh Battery1 Year Brand Warranty
"realme P2 Pro 5G (Parrot Green, 128 GB)","₹19,999",4.4,8 GB RAM | 128 GB ROM17.02 cm (6.7 inch) Full HD+ Display50MP + 8MP | 32MP Front Camera5200 mAh Battery7s Gen2 Processor1 Year Manufacturer Warranty for Device and 6 Months Manufacturer Warranty for Inbox Accessories
"SAMSUNG Galaxy M35 5G (Thunder Grey, 128 GB)","₹14,887",4.4,6 GB RAM | 128 GB ROM16.76 cm (6.6 inch) Display50MP Rear Camera6000 mAh Battery1 YEAR
"REDMI Note 13 Pro 5G (Midnight Black, 128 GB)","₹19,999",4.3,8 GB RAM | 128 GB ROM16.94 cm (6.67 inch) Display200MP (OIS) + 8MP + 2MP | 16MP Front Camera5100 mAh Battery7s Gen 2 Mobile Platform 5G Processor1 Year Manufacturer Warranty for Phone and 6 Months Warranty for In the Box Accessories
"Infinix Note 40 5G (Obsidian Black, 256 GB)","₹15,999",4.2,8 GB RAM | 256 GB ROM17.22 cm (6.78 inch) Full HD+ Display108MP + 2MP + 2MP | 32MP Front Camera5000 mAh BatteryDimensity 7020 Processor1 Year on Handset
"Motorola g64 5G (Ice Lilac, 256 GB)","₹16,999",4.2,12 GB RAM | 256 GB ROM | Expandable Upto 1 TB16.51 cm (6.5 inch) Full HD+ Display50MP (OIS) + 8MP | 16MP Front Camera6000 mAh BatteryDimensity 7025 Processor1 Year on Handset and 6 Months on Accessories
"hmd Crest Max 5G (Deep Purple, 256 GB)","₹16,499",3.9,8 GB RAM | 256 GB ROM17.53 cm (6.9 inch) Display64MP Rear Camera5000 mAh Battery1 Year
"realme P1 5G (Phoenix Red, 256 GB)","₹18,999",4.4,8 GB RAM | 256 GB ROM | Expandable Upto 2 TB16.94 cm (6.67 inch) Full HD+ Display50MP + 2MP | 16MP Front Camera5000 mAh BatteryDimensity 7050 Processor1 Year Manufacturer Warranty for Device and 6 Months Manufacturer Warranty for Inbox Accessories
"IQOO Z9s 5G (Titanium Matte, 128 GB)","₹19,848",4.4,8 GB RAM | 128 GB ROM17.2 cm (6.77 inch) Display50MP Rear Camera5500 mAh Battery1 year manufacturer warranty for device & 6 months for In-box accessories from the date of purchase
"OPPO K12x 5G with 45W SUPERVOOC Charger In-The-Box (Breeze Blue, 256 GB)","₹15,999",4.4,8 GB RAM | 256 GB ROM | Expandable Upto 1 TB16.94 cm (6.67 inch) HD Display32MP + 2MP | 8MP Front Camera5100 mAh BatteryDimensity 6300 Processor1 Year Manufacturer Warranty for Device and 6 Months Manufacturer Warranty for Inbox Accessories
"Motorola G85 5G (Viva Magenta, 256 GB)","₹19,999",4.4,12 GB RAM | 256 GB ROM16.94 cm (6.67 inch) Full HD+ Display50MP + 8MP | 32MP Front Camera5000 mAh Battery6s Gen 3 Processor1 Year on Handset and 6 Months on Accessories
"OPPO K12x 5G with 45W SUPERVOOC Charger In-The-Box (Feather Pink, 256 GB)","₹15,999",4.4,8 GB RAM | 256 GB ROM | Expandable Upto 1 TB16.94 cm (6.67 inch) HD Display32MP + 2MP | 8MP Front Camera5100 mAh BatteryDimensity 6300 Processor1 Year Manufacturer Warranty for Device and 6 Months Manufacturer Warranty for Inbox Accessories
"realme 13+ 5G (Victory Gold, 128 GB)","₹19,999",4.3,8 GB RAM | 128 GB ROM | Expandable Upto 2 TB16.94 cm (6.67 inch) Full HD+ Display50MP + 2MP | 16MP Front Camera5000 mAh BatteryDimensity 7300 Energy Processor1 Year Manufacturer Warranty for Device and 6 Months Manufacturer Warranty for Inbox Accessories
"CMF by Nothing Phone 1 (Light Green, 128 GB)","₹16,999",4.4,8 GB RAM | 128 GB ROM | Expandable Upto 2 TB16.94 cm (6.67 inch) Full HD+ Display50MP + 2MP | 16MP Front Camera5000 mAh BatteryDimensity 7300 5G Processor1 Year Manufacturing Warranty
"OPPO K12x 5G with 45W SUPERVOOC Charger In-The-Box (Midnight Violet, 256 GB)","₹18,999",4.4,8 GB RAM | 256 GB ROM | Expandable Upto 1 TB16.94 cm (6.67 inch) HD Display32MP + 2MP | 8MP Front Camera5100 mAh BatteryDimensity 6300 Processor1 Year Manufacturer Warranty for Device and 6 Months Manufacturer Warranty for Inbox Accessories
"realme 70 TURBO 5G (Turbo Yellow, 128 GB)","₹16,569",4.4,8 GB RAM | 128 GB ROM16.94 cm (6.67 inch) Full HD+ Display50MP Rear Camera5000 mAh BatterySegment's Fastest Dimensity 7300 Energy 5G Chipset Processor12 Months Brand warranty
"REDMI 13 5G (Black Diamond, 128 GB)","₹13,277",4.2,8 GB RAM | 128 GB ROM17.25 cm (6.79 inch) Display108MP Rear Camera5030 mAh BatteryBrand Warranty
"realme 70 TURBO 5G (Turbo Green, 128 GB)","₹15,130",4.3,6 GB RAM | 128 GB ROM16.94 cm (6.67 inch) Full HD+ Display50MP Rear Camera5000 mAh BatterySegment's Fastest Dimensity 7300 Energy 5G Chipset Processor12 Months Brand warranty
"IQOO Z9 (Brushed Green, 128 GB)","₹17,240",4.4,8 GB RAM | 128 GB ROM17.22 cm (6.78 inch) Display50MP Rear Camera5000 mAh Battery1 Year
"realme 70 TURBO 5G (Turbo Purple, 128 GB)","₹16,974",4.3,6 GB RAM | 128 GB ROM16.94 cm (6.67 inch) Full HD+ Display50MP Rear Camera5000 mAh BatterySegment's Fastest Dimensity 7300 Energy 5G Chipset Processor12 Months Brand warranty
"POCO M7 Pro 5G (Lavender Frost, 256 GB)","₹15,999",4.3,8 GB RAM | 256 GB ROM16.94 cm (6.67 inch) Full HD+ Display50MP + 2MP | 20MP Front Camera5110 mAh BatteryDimensity 7025 Ultra Processor1 Year Manufacturer Warranty for Phone and 6 Months Warranty for In the Box Accessories
"realme 14x 5G (Golden Glow, 128 GB)","₹15,999",4.4,8 GB RAM | 128 GB ROM | Expandable Upto 2 TB16.94 cm (6.67 inch) HD+ Display50MP Rear Camera | 8MP Front Camera6000 mAh BatteryDimensity 6300 Processor1 Year Manufacturer Warranty for Device and 6 Months Manufacturer Warranty for Inbox Accessories
"Infinix Note 40 5G (Racing Grey, 256 GB)","₹15,999",4.2,8 GB RAM | 256 GB ROM17.22 cm (6.78 inch) Full HD+ Display108MP + 2MP + 2MP | 32MP Front Camera5000 mAh BatteryDimensity 7020 Processor1 Year on Handset
"realme 14x 5G (Jewel Red, 128 GB)","₹15,999",4.4,8 GB RAM | 128 GB ROM | Expandable Upto 2 TB16.94 cm (6.67 inch) HD+ Display50MP Rear Camera | 8MP Front Camera6000 mAh BatteryDimensity 6300 Processor1 Year Manufacturer Warranty for Device and 6 Months Manufacturer Warranty for Inbox Accessories
"SAMSUNG Galaxy A16 5G (Light Green, 128 GB)","₹17,999",4.2,8 GB RAM | 128 GB ROM17.02 cm (6.7 inch) Full HD+ Display50MP + 5MP + 2MP | 13MP Front Camera5000 mAh BatteryDimensity 6300 Processor1 Year Manufacturer Warranty for Device and 6 Months for Inbox Accessories
"REDMI Note 13 Pro 5G (Scarlet Red, 128 GB)","₹18,780",4.3,8 GB RAM | 128 GB ROM16.94 cm (6.67 inch) Display200MP Rear Camera5100 mAh BatteryDomestic 1 Year Manufacturer Warranty for Phone and 6 Months Warranty for In the Box Accessories
"SAMSUNG Galaxy A23 5G (Silver, 128 GB)","₹15,999",4.1,6 GB RAM | 128 GB ROM | Expandable Upto 1 TB16.76 cm (6.6 inch) Full HD+ Display50MP + 5MP | 8MP Front Camera5000 mAh Lithium Ion BatteryQualcomm Snapdragon 695 (SM6375) Processor1 Year Manufacturer Warranty for Device and 6 Months Manufacturer Warranty for In-Box Accessories
"REDMI Note-13 Pro 5G (Scarlet Red, 256 GB)","₹18,783",4.7,8 GB RAM | 256 GB ROM16.94 cm (6.67 inch) Display200MP (OIS) + 8MP + 2MP | 16MP Front Camera5100 mAh Battery7s Gen 2 Mobile Platform 5G Processor1 Year Manufacturer Warranty for Phone and 6 Months Warranty for In the Box Accessories
"realme 14x 5G (Crystal Black, 128 GB)","₹15,999",4.4,8 GB RAM | 128 GB ROM | Expandable Upto 2 TB16.94 cm (6.67 inch) HD+ Display50MP Rear Camera | 8MP Front Camera6000 mAh BatteryDimensity 6300 Processor1 Year Manufacturer Warranty for Device and 6 Months Manufacturer Warranty for Inbox Accessories
"IQOO z9x (Tornado Green, 128 GB)","₹13,098",4.4,6 GB RAM | 128 GB ROM | Expandable Upto 1 TB17.07 cm (6.72 inch) Full HD+ Display50MP + 2MP | 8MP Front Camera6000 mAh BatteryQualcomm SM6450 Snapdragon 6 Gen 1 Processor1 Year on Handset and 6 Months on Accessories
"IQOO z9x (Storm Grey, 128 GB)","₹13,444",4.4,6 GB RAM | 128 GB ROM | Expandable Upto 1 TB17.07 cm (6.72 inch) Full HD+ Display50MP + 2MP | 8MP Front Camera6000 mAh BatteryQualcomm SM6450 Snapdragon 6 Gen 1 Processor1 Year on Handset and 6 Months on Accessories
"REDMI Note 13 5G (Arctic White, 256 GB)","₹17,499",4.1,12 GB RAM | 256 GB ROM | Expandable Upto 1 TB16.94 cm (6.67 inch) Full HD+ Display108MP + 2MP | 16MP Front Camera5000 mAh BatteryDimensity 6080 Processor1 Year Manufacturer Warranty for Phone and 6 Months Warranty for In the Box Accessories
"REDMI Note 13 5G (Prism Gold, 256 GB)","₹17,389",4.1,12 GB RAM | 256 GB ROM16.94 cm (6.67 inch) Display108MP Rear Camera5000 mAh Battery1 Year Brand Warranty
"REDMI Note 13 5G (Prism Gold, 256 GB)","₹17,499",4.1,12 GB RAM | 256 GB ROM | Expandable Upto 1 TB16.94 cm (6.67 inch) Full HD+ Display108MP + 2MP | 16MP Front Camera5000 mAh BatteryDimensity 6080 Processor1 Year Manufacturer Warranty for Phone and 6 Months Warranty for In the Box Accessories
"SAMSUNG Galaxy A16 5G (Gold, 128 GB)","₹17,999",4.2,8 GB RAM | 128 GB ROM17.02 cm (6.7 inch) Full HD+ Display50MP + 5MP + 2MP | 13MP Front Camera5000 mAh BatteryDimensity 6300 Processor1 Year Manufacturer Warranty for Device and 6 Months for Inbox Accessories
"REDMI Note 13 5G (Arctic White, 256 GB)","₹16,999",4.2,8 GB RAM | 256 GB ROM | Expandable Upto 1 TB16.94 cm (6.67 inch) Full HD+ Display108MP + 2MP | 16MP Front Camera5000 mAh BatteryDimensity 6080 Processor1 Year Manufacturer Warranty for Phone and 6 Months Warranty for In the Box Accessories
"IQOO Z9s 5G (Titanium Matte, 128 GB)","₹19,848",4.4,8 GB RAM | 128 GB ROM17.2 cm (6.77 inch) Display50MP Rear Camera5500 mAh Battery1 year manufacturer warranty for device & 6 months for In-box accessories from the date of purchase
"REDMI Note 13 5G (Chromatic Purple, 256 GB)","₹16,999",4.2,8 GB RAM | 256 GB ROM | Expandable Upto 1 TB16.94 cm (6.67 inch) Full HD+ Display108MP + 2MP | 16MP Front Camera5000 mAh BatteryDimensity 6080 Processor1 Year Manufacturer Warranty for Phone and 6 Months Warranty for In the Box Accessories
"REDMI Note 13 5G (Prism Gold, 128 GB)","₹14,829",4.2,6 GB RAM | 128 GB ROM16.94 cm (6.67 inch) Display108MP Rear Camera5000 mAh Battery1 Year Brand Warranty
"POCO X6 Pro 5G (Racing Grey, 256 GB)","₹19,999",4.3,8 GB RAM | 256 GB ROM16.94 cm (6.67 inch) Display64MP + 8MP + 2MP | 16MP Front Camera5000 mAh BatteryDimensity D8300 Ultra Processor1 Year Manufacturer Warranty for Phone and 6 Months Warranty for In the Box Accessories
"SAMSUNG Galaxy A16 5G (Gold, 256 GB)","₹19,699",4.2,8 GB RAM | 256 GB ROM17.02 cm (6.7 inch) Full HD+ Display50MP + 5MP + 2MP | 13MP Front Camera5000 mAh BatteryDimensity 6300 Processor1 Year Manufacturer Warranty for Device and 6 Months for Inbox Accessories
"SAMSUNG galaxy M15 5G (Stone Grey, 128 GB)","₹14,790",4.2,8 GB RAM | 128 GB ROM16.51 cm (6.5 inch) Display50MP Rear Camera6000 mAh BatteryMediaTek ProcessorDomestic Warranty Of 1 Year For Handset And 6 Month For Accessories.
"POCO M7 Pro 5G (Olive Twilight, 256 GB)","₹15,999",4.3,8 GB RAM | 256 GB ROM16.94 cm (6.67 inch) Full HD+ Display50MP + 2MP | 20MP Front Camera5110 mAh BatteryDimensity 7025 Ultra Processor1 Year Manufacturer Warranty for Phone and 6 Months Warranty for In the Box Accessories
"SAMSUNG Galaxy A16 5G (Gold, 128 GB)","₹16,499",4.1,6 GB RAM | 128 GB ROM17.02 cm (6.7 inch) Full HD+ Display50MP + 5MP + 2MP | 13MP Front Camera5000 mAh BatteryDimensity 6300 Processor1 Year Manufacturer Warranty for Device and 6 Months for Inbox Accessories
"REDMI Note 13 5G (Stealth Black, 256 GB)","₹15,990",4.2,8 GB RAM | 256 GB ROM16.94 cm (6.67 inch) Display108MP Rear Camera5000 mAh Battery1 Year Brand Warranty
"REDMI Note 13 Pro 5G (Scarlet Red, 128 GB)","₹19,999",4.3,8 GB RAM | 128 GB ROM16.94 cm (6.67 inch) Display200MP (OIS) + 8MP + 2MP | 16MP Front Camera5100 mAh Battery7s Gen 2 Mobile Platform 5G Processor1 Year Manufacturer Warranty for Phone and 6 Months Warranty for In the Box Accessories
"Infinix Note 40 Pro 5G (Vintage Green, 256 GB)","₹19,999",4.2,8 GB RAM | 256 GB ROM17.22 cm (6.78 inch) Full HD+ Display108MP (OIS) + 2MP + 2MP | 32MP Front Camera5000 mAh BatteryMediatek Dimensity 7020 Processor1 Year Warranty on Handset and 6 Months Warranty on Inbox Accessories
"SAMSUNG galaxy M15 5G (Celestrial Blue, 128 GB)","₹14,420",4.2,8 GB RAM | 128 GB ROM16.51 cm (6.5 inch) Display50MP Rear Camera6000 mAh BatteryMediaTek ProcessorDomestic Warranty Of 1 Year For Handset And 6 Month For Accessories.
"Infinix Note 40 5G (Obsidian Black, 256 GB)","₹15,999",4.2,8 GB RAM | 256 GB ROM17.22 cm (6.78 inch) Full HD+ Display108MP + 2MP + 2MP | 32MP Front Camera5000 mAh BatteryDimensity 7020 Processor1 Year on Handset
"vivo Y21T (Pearl White, 128 GB)","₹9,990",4.4,4 GB RAM | 128 GB ROM | Expandable Upto 1 TB16.71 cm (6.58 inch) Full HD+ Display50MP + 2MP + 2MP | 8MP Front Camera5000 mAh Lithium BatteryQualcomm Snapdragon 680 Processor1 Year for Device & 6 Months for In-box Accessories
"realme 13+ 5G (Speed Green, 128 GB)","₹19,999",4.3,8 GB RAM | 128 GB ROM | Expandable Upto 2 TB16.94 cm (6.67 inch) Full HD+ Display50MP + 2MP | 16MP Front Camera5000 mAh BatteryDimensity 7300 Energy Processor1 Year Manufacturer Warranty for Device and 6 Months Manufacturer Warranty for Inbox Accessories
"POCO X6 Pro 5G (Spectre Black, 256 GB)","₹19,999",4.3,8 GB RAM | 256 GB ROM16.94 cm (6.67 inch) Display64MP + 8MP + 2MP | 16MP Front Camera5000 mAh BatteryDimensity D8300 Ultra Processor1 Year Manufacturer Warranty for Phone and 6 Months Warranty for In the Box Accessories
"SAMSUNG Galaxy A16 5G (Light Green, 128 GB)","₹16,499",4.1,6 GB RAM | 128 GB ROM17.02 cm (6.7 inch) Full HD+ Display50MP + 5MP + 2MP | 13MP Front Camera5000 mAh BatteryDimensity 6300 Processor1 Year Manufacturer Warranty for Device and 6 Months for Inbox Accessories
"IQOO Z9 5G (Graphene Blue, 256 GB)","₹19,063",4.4,8 GB RAM | 256 GB ROM16.94 cm (6.67 inch) Display50MP Rear Camera5000 mAh Battery1 Year on Handset and 6 Months on Accessories
"vivo Y58 5G (Sundarbans Green, 128 GB)","₹16,875",4.4,8 GB RAM | 128 GB ROM | Expandable Upto 1 TB17.07 cm (6.72 inch) Display50MP + 2MP | 8MP Front Camera6000 mAh Battery4 Gen 2 Processor1 Year Manufacturer Warranty for Device and 6 Months Manufacturer Warranty for Inbox Accessories
"vivo Y58 5G (Himalayan Blue, 128 GB)","₹16,746",4.4,8 GB RAM | 128 GB ROM | Expandable Upto 1 TB17.07 cm (6.72 inch) Display50MP + 2MP | 8MP Front Camera6000 mAh Battery4 Gen 2 Processor1 Year Manufacturer Warranty for Device and 6 Months Manufacturer Warranty for Inbox Accessories
"vivo T2x 5G (Aurora Gold, 128 GB)","₹12,999",4.4,6 GB RAM | 128 GB ROM16.71 cm (6.58 inch) Full HD+ Display50MP + 2MP | 8MP Front Camera5000 mAh BatteryMediatek Dimensity 6020 Processor1 Year of Device & 6 Months for Inbox Accessories
"SAMSUNG Galaxy A16 5G (Blue Black, 128 GB)","₹16,499",4.1,6 GB RAM | 128 GB ROM17.02 cm (6.7 inch) Full HD+ Display50MP + 5MP + 2MP | 13MP Front Camera5000 mAh BatteryDimensity 6300 Processor1 Year Manufacturer Warranty for Device and 6 Months for Inbox Accessories
"vivo T2x 5G (Glimmer Black, 128 GB)","₹15,899",4.4,8 GB RAM | 128 GB ROM16.71 cm (6.58 inch) Full HD+ Display50MP + 2MP | 8MP Front Camera5000 mAh BatteryMediatek Dimensity 6020 Processor1 Year of Device & 6 Months for Inbox Accessories
"REDMI Note 14 5G (Phantom Purple, 128 GB)","₹18,946",4.4,6 GB RAM | 128 GB ROM16.94 cm (6.67 inch) Display50MP Rear Camera5110 mAh Battery1 Year
"vivo Y29 5G (Diamond Black, 128 GB)","₹15,499",4.4,6 GB RAM | 128 GB ROM | Expandable Upto 1 TB16.97 cm (6.68 inch) Display50MP + 0.08MP | 8MP Front Camera5500 mAh BatteryDimensity 6300 Processor1 Year Manufacturer Warranty for Device and 6 Months Manufacturer Warranty for Inbox Accessories
"REDMI Note 14 5G (Titan Black, 128 GB)","₹19,990",4.3,8 GB RAM | 128 GB ROM16.94 cm (6.67 inch) Display50MP Rear Camera5110 mAh Battery1 Year
"REDMI Note 14 5G (Titan Black, 128 GB)","₹17,900",4.4,6 GB RAM | 128 GB ROM16.94 cm (6.67 inch) Display50MP Rear Camera5110 mAh Battery1 Year
"REDMI Note 13 5G (Prism Gold, 128 GB)","₹14,829",4.2,6 GB RAM | 128 GB ROM16.94 cm (6.67 inch) Display108MP Rear Camera5000 mAh Battery1 Year Brand Warranty
"REDMI Note 13 Pro 5G (Scarlet Red, 128 GB)","₹19,999",4.3,8 GB RAM | 128 GB ROM16.94 cm (6.67 inch) Display200MP (OIS) + 8MP + 2MP | 16MP Front Camera5100 mAh Battery7s Gen 2 Mobile Platform 5G Processor1 Year Manufacturer Warranty for Phone and 6 Months Warranty for In the Box Accessories
"SAMSUNG Galaxy A16 5G (Light Green, 128 GB)","₹16,499",4.1,6 GB RAM | 128 GB ROM17.02 cm (6.7 inch) Full HD+ Display50MP + 5MP + 2MP | 13MP Front Camera5000 mAh BatteryDimensity 6300 Processor1 Year Manufacturer Warranty for Device and 6 Months for Inbox Accessories
"REDMI 13 5G (Orchid Pink, 128 GB)","₹13,293",4.2,8 GB RAM | 128 GB ROM17.25 cm (6.79 inch) Full HD+ Display108MP Rear Camera5030 mAh BatteryQualcomm SM4450 Snapdragon 4 Gen 2 AE (4 nm) Processor1 year manufacture warranty
"REDMI Note 13 5G (Stealth Black, 256 GB)","₹17,422",4.1,12 GB RAM | 256 GB ROM16.94 cm (6.67 inch) Display108MP Rear Camera5000 mAh Battery1 Year Brand Warranty
"vivo Y21T (Pearl White, 128 GB)","₹9,990",4.4,4 GB RAM | 128 GB ROM | Expandable Upto 1 TB16.71 cm (6.58 inch) Full HD+ Display50MP + 2MP + 2MP | 8MP Front Camera5000 mAh Lithium BatteryQualcomm Snapdragon 680 Processor1 Year for Device & 6 Months for In-box Accessories
"POCO M4 Pro (Cool Blue, 128 GB)","₹13,490",4.3,"6 GB RAM | 128 GB ROM | Expandable Upto 1 TB16.33 cm (6.43 inch) Full HD+ AMOLED Display64MP + 8MP + 2MP | 16MP Front Camera5000 mAh Lithium-ion Polymer BatteryMediatek Helio G96 ProcessorOne Year for Handset, 6 Months for Accessories"
"REDMI Note 13 5G (Arctic White, 256 GB)","₹17,499",4.1,12 GB RAM | 256 GB ROM | Expandable Upto 1 TB16.94 cm (6.67 inch) Full HD+ Display108MP + 2MP | 16MP Front Camera5000 mAh BatteryDimensity 6080 Processor1 Year Manufacturer Warranty for Phone and 6 Months Warranty for In the Box Accessories
"realme P1 Pro 5G (Parrot Blue, 256 GB)","₹16,999",4.5,8 GB RAM | 256 GB ROM17.02 cm (6.7 inch) Full HD+ Display50MP + 8MP | 16MP Front Camera5000 mAh Battery6 Gen 1 Processor1 Year Manufacturer Warranty for Device and 6 Months Manufacturer Warranty for Inbox Accessories
"Tecno Spark 20 Pro 5G (Startrail Black, 128 GB)","₹15,999",4.1,8 GB RAM | 128 GB ROM17.22 cm (6.78 inch) HD+ Display108MP Rear Camera5000 mAh BatteryD6080 5G Processor Processor12 month warranty
"SAMSUNG Galaxy M35 5G (Moonlight Blue, 128 GB)","₹18,450",4.4,8 GB RAM | 128 GB ROM16.76 cm (6.6 inch) Display50MP Rear Camera6000 mAh Battery1 YEAR
"vivo T2x 5G (Aurora Gold, 128 GB)","₹12,999",4.4,6 GB RAM | 128 GB ROM16.71 cm (6.58 inch) Full HD+ Display50MP + 2MP | 8MP Front Camera5000 mAh BatteryMediatek Dimensity 6020 Processor1 Year of Device & 6 Months for Inbox Accessories
"SAMSUNG Galaxy A23 5G (Silver, 128 GB)","₹15,999",4.1,6 GB RAM | 128 GB ROM | Expandable Upto 1 TB16.76 cm (6.6 inch) Full HD+ Display50MP + 5MP | 8MP Front Camera5000 mAh Lithium Ion BatteryQualcomm Snapdragon 695 (SM6375) Processor1 Year Manufacturer Warranty for Device and 6 Months Manufacturer Warranty for In-Box Accessories
"IQOO Z9X (Storm Grey, 128 GB)","₹19,990",4.4,8 GB RAM | 128 GB ROM17.07 cm (6.72 inch) Display50MP Rear Camera6000 mAh Battery1 Year Warranty on Handset and 6 Months Warranty on Inbox Accessories
"SAMSUNG galaxy M15 5G (Blue Topaz, 128 GB)","₹14,799",4.2,8 GB RAM | 128 GB ROM16.51 cm (6.5 inch) Display50MP Rear Camera6000 mAh BatteryMediaTek ProcessorDomestic Warranty Of 1 Year For Handset And 6 Month For Accessories.
"realme 9 5G SE (Azure Glow, 128 GB)","₹15,999",4.4,6 GB RAM | 128 GB ROM | Expandable Upto 1 TB16.76 cm (6.6 inch) Full HD+ Display48MP + 2MP + 2MP | 16MP Front Camera5000 mAh Lithium Polymer BatteryQualcomm Snapdragon 778G Processor1 Year Warranty for Phone and 6 Months Warranty for In-Box Accessories
"vivo Y58 5G (Sundarbans Green, 128 GB)","₹16,875",4.4,8 GB RAM | 128 GB ROM | Expandable Upto 1 TB17.07 cm (6.72 inch) Display50MP + 2MP | 8MP Front Camera6000 mAh Battery4 Gen 2 Processor1 Year Manufacturer Warranty for Device and 6 Months Manufacturer Warranty for Inbox Accessories
"OnePlus Nord CE3 5G (Aqua Surge, 128 GB)","₹19,990",4.4,8 GB RAM | 128 GB ROM17.02 cm (6.7 inch) Display50MP Rear Camera | 16MP Front Camera5000 mAh BatteryDomestic 1 Year of Device & 6 Months for In-Box Accessories
"hmd Crest Max 5G (Aqua Green, 256 GB)","₹16,495",3.9,8 GB RAM | 256 GB ROM17.53 cm (6.9 inch) Display64MP Rear Camera5000 mAh Battery1 Year from the brand
"vivo T3x 5G (Celestial Green, 128 GB)","₹15,499",4.4,8 GB RAM | 128 GB ROM | Expandable Upto 1 TB17.06 cm (6.7165354 inch) Full HD+ Display50MP + 2MP | 8MP Front Camera6000 mAh Battery6 Gen 1 Processor1 Year Manufacturer Warranty for Device and 6 Months Manufacturer Warranty for Inbox Accessories
"realme P1 Pro 5G (Phoenix Red, 128 GB)","₹15,999",4.5,8 GB RAM | 128 GB ROM17.02 cm (6.7 inch) Full HD+ Display50MP + 8MP | 16MP Front Camera5000 mAh Battery6 Gen 1 Processor1 Year Manufacturer Warranty for Device and 6 Months Manufacturer Warranty for Inbox Accessories
"vivo T2 5G (Nitro Blaze, 128 GB)","₹17,999",4.3,8 GB RAM | 128 GB ROM16.21 cm (6.38 inch) Full HD+ Display64 MP (OIS) + 2MP | 16MP Front Camera4500 mAh BatterySnapdragon 695 Processor1 Year of Device & 6 Months for Inbox Accessories
"vivo Y28s 5G (Vintage Red, 128 GB)","₹15,999",4.3,8 GB RAM | 128 GB ROM | Expandable Upto 1 TB16.66 cm (6.56 inch) Display50MP + 0.08MP | 8MP Front Camera5000 mAh BatteryDimensity 6300 Processor1 Year Manufacturer Warranty for Device and 6 Months Manufacturer Warranty for Inbox Accessories
"REDMI Note 13 5G (Arctic White, 256 GB)","₹18,499",4.1,12 GB RAM | 256 GB ROM16.94 cm (6.67 inch) Display108MP Rear Camera5000 mAh Battery1 Year Brand Warranty
"realme P1 Pro 5G (Phoenix Red, 256 GB)","₹16,999",4.5,8 GB RAM | 256 GB ROM17.02 cm (6.7 inch) Full HD+ Display50MP + 8MP | 16MP Front Camera5000 mAh Battery6 Gen 1 Processor1 Year Manufacturer Warranty for Device and 6 Months Manufacturer Warranty for Inbox Accessories
"realme 13+ 5G (Victory Gold, 128 GB)","₹19,999",4.3,8 GB RAM | 128 GB ROM | Expandable Upto 2 TB16.94 cm (6.67 inch) Full HD+ Display50MP + 2MP | 16MP Front Camera5000 mAh BatteryDimensity 7300 Energy Processor1 Year Manufacturer Warranty for Device and 6 Months Manufacturer Warranty for Inbox Accessories
"IQOO Z9 5G (Graphene Blue, 128 GB)","₹18,339",4.4,8 GB RAM | 128 GB ROM16.94 cm (6.67 inch) Display50MP Rear Camera5000 mAh Battery1 Year
"IQOO Z9 5G (Brushed Green, 256 GB)","₹19,180",4.4,8 GB RAM | 256 GB ROM16.94 cm (6.67 inch) Display50MP Rear Camera5000 mAh Battery1 Year on Handset and 6 Months on Accessories
"vivo Y29 5G (Glacier Blue, 128 GB)","₹15,499",4.4,6 GB RAM | 128 GB ROM | Expandable Upto 1 TB16.97 cm (6.68 inch) Display50MP + 0.08MP | 8MP Front Camera5500 mAh BatteryDimensity 6300 Processor1 Year Manufacturer Warranty for Device and 6 Months Manufacturer Warranty for Inbox Accessories
"vivo Y200e 5G (Black Diamond, 128 GB)","₹19,999",4.4,8 GB RAM | 128 GB ROM | Expandable Upto 1 TB16.94 cm (6.67 inch) Full HD+ Display50MP + 2MP | 16MP Front Camera5000 mAh BatterySnapdragon 4 Gen 2 Processor1 Year Manufacturer Warranty for Device and 6 Months Manufacturer Warranty for Inbox Accessories
"SAMSUNG galaxy M15 5G (Blue Topaz, 128 GB)","₹14,799",4.2,8 GB RAM | 128 GB ROM16.51 cm (6.5 inch) Display50MP Rear Camera6000 mAh BatteryMediaTek ProcessorDomestic Warranty Of 1 Year For Handset And 6 Month For Accessories.
"vivo Y200e 5G (Saffron Delight, 128 GB)","₹19,999",4.4,8 GB RAM | 128 GB ROM | Expandable Upto 1 TB16.94 cm (6.67 inch) Full HD+ Display50MP + 2MP | 16MP Front Camera5000 mAh BatterySnapdragon 4 Gen 2 Processor1 Year Manufacturer Warranty for Device and 6 Months Manufacturer Warranty for Inbox Accessories
"realme 11 5G (Glory Black, 128 GB)","₹18,999",4.3,8 GB RAM | 128 GB ROM | Expandable Upto 2 TB17.07 cm (6.72 inch) Full HD+ Display108MP + 2MP | 16MP Front Camera5000 mAh BatteryDimensity 6100+ Processor1 Year Manufacturer Warranty for Phone and 6 Months Warranty for In the Box Accessories
"vivo Y35 (Agate Black, 128 GB)","₹13,990",4.4,8 GB RAM | 128 GB ROM16.71 cm (6.58 inch) Full HD+ Display50MP + 2MP + 2MP | 16MP Front Camera5000 mAh Lithium BatteryQualcomm Snapdragon 680 Processor1 Year of Device & 6 Months for In-Box Accessories
"SAMSUNG Galaxy M34 5G without charger (Midnight Blue, 128 GB)","₹19,999",4.2,6 GB RAM | 128 GB ROM16.51 cm (6.5 inch) Display50MP Rear Camera6000 mAh BatteryDomestic 1 Year of Device & 6 Months for In-Box Accessories
"OPPO A59 5G (Silk Gold, 128 GB)","₹14,990",4.3,6 GB RAM | 128 GB ROM | Expandable Upto 1 TB16.66 cm (6.56 inch) HD+ Display13MP + 2MP | 8MP Front Camera5000 mAh BatteryDimensity 6020 Processor1 Year Manufacturer Warranty for Phone and 6 Months Warranty for In the Box Accessories
"OPPO A59 5G (Starry Black, 128 GB)","₹15,499",4.3,6 GB RAM | 128 GB ROM | Expandable Upto 1 TB16.66 cm (6.56 inch) HD+ Display13MP + 2MP | 8MP Front Camera5000 mAh BatteryDimensity 6020 Processor1 Year Manufacturer Warranty for Phone and 6 Months Warranty for In the Box Accessories
"OnePlus Nord CE3 5G (Aqua Surge, 128 GB)","₹22,988",4.4,8 GB RAM | 128 GB ROM17.02 cm (6.7 inch) Display50MP Rear Camera | 16MP Front Camera5000 mAh BatteryDomestic 1 Year of Device & 6 Months for In-Box Accessories
"OPPO A3 Pro 5G (Moonlight Purple, 128 GB)","₹17,999",4.3,8 GB RAM | 128 GB ROM | Expandable Upto 1 TB16.94 cm (6.67 inch) Display50MP + 2MP | 8MP Front Camera5100 mAh BatteryDimensity 6300 5G Mobile Platform Processor1 Year Manufacturer Warranty for Device and 6 Months Manufacturer Warranty for Inbox Accessories
"realme P1 Pro 5G (Parrot Blue, 128 GB)","₹15,999",4.5,8 GB RAM | 128 GB ROM17.02 cm (6.7 inch) Full HD+ Display50MP + 8MP | 16MP Front Camera5000 mAh Battery6 Gen 1 Processor1 Year Manufacturer Warranty for Device and 6 Months Manufacturer Warranty for Inbox Accessories
"Infinix Note 40 Pro 5G (Gold, 256 GB)","₹19,999",4.2,8 GB RAM | 256 GB ROM17.22 cm (6.78 inch) Full HD+ Display108MP (OIS) + 2MP + 2MP | 32MP Front Camera5000 mAh BatteryMediatek Dimensity 7020 Processor1 Year Warranty on Handset and 6 Months Warranty on Inbox Accessories
"realme 11 5G (Glory Gold, 128 GB)","₹18,999",4.3,8 GB RAM | 128 GB ROM | Expandable Upto 2 TB17.07 cm (6.72 inch) Full HD+ Display108MP + 2MP | 16MP Front Camera5000 mAh BatteryDimensity 6100+ Processor1 Year Manufacturer Warranty for Phone and 6 Months Warranty for In the Box Accessories
"vivo Y28s 5G (Twinkling Purple, 128 GB)","₹14,499",4.4,6 GB RAM | 128 GB ROM | Expandable Upto 1 TB16.66 cm (6.56 inch) Full HD+ Display50MP + 0.08MP | 8MP Front Camera5000 mAh BatteryDimensity 6300 Processor1 Year Manufacturer Warranty for Device and 6 Months Manufacturer Warranty for Inbox Accessories
"vivo Y28s 5G (Vintage Red, 128 GB)","₹13,960",4.4,6 GB RAM | 128 GB ROM | Expandable Upto 1 TB16.66 cm (6.56 inch) Full HD+ Display50MP + 0.08MP | 8MP Front Camera5000 mAh BatteryDimensity 6300 Processor1 Year Manufacturer Warranty for Device and 6 Months Manufacturer Warranty for Inbox Accessories
"vivo Y28s 5G (Vintage Red, 128 GB)","₹15,999",4.3,8 GB RAM | 128 GB ROM | Expandable Upto 1 TB16.66 cm (6.56 inch) Display50MP + 0.08MP | 8MP Front Camera5000 mAh BatteryDimensity 6300 Processor1 Year Manufacturer Warranty for Device and 6 Months Manufacturer Warranty for Inbox Accessories
"REDMI Note 14 5G (Mystique White, 128 GB)","₹18,460",4.4,6 GB RAM | 128 GB ROM16.94 cm (6.67 inch) Display50MP Rear Camera5110 mAh Battery1 Year
"REDMI Note 13 Pro 5G (Coral Purple, 128 GB)","₹19,999",4.3,8 GB RAM | 128 GB ROM16.94 cm (6.67 inch) Display200MP (OIS) + 8MP + 2MP | 16MP Front Camera5100 mAh Battery7s Gen 2 Mobile Platform 5G Processor1 Year Manufacturer Warranty for Phone and 6 Months Warranty for In the Box Accessories
"vivo Y36 (Meteor Black, 128 GB)","₹14,999",4.3,8 GB RAM | 128 GB ROM16.87 cm (6.64 inch) Full HD+ Display50MP + 2MP | 16MP Front Camera5000 mAh BatterySnapdragon 680 Processor1 Year Manufacturer Warranty for Phone and 6 Months Warranty for In the Box Accessories
"OPPO A79 5G (Glowing Green, 128 GB)","₹17,499",4.3,"8 GB RAM | 128 GB ROM | Expandable Upto 1 TB17.07 cm (6.72 inch) Full HD+ DisplayRear Camera: 50MP AI Camera, 2MP Portrait Camera Front Camera: 8MP Selfie Camera | 8MP Front Camera5000 mAh Lithium Polymer BatteryMediatek Dimensity 6020 ProcessorBefore going on the market, the product has gone through 6 tests, namely drop, anti-splash, radiation, weather, slight drop, and signal tests, and 5 safety protection steps, namely durability, fire and flame retardant, temperature protection, noise safety, and battery protection. 50-plus production-related checks, 130-plus ultra-stringent reliability tests, and 320-plus comprehensive testing processes, just to provide OPPO enduring craftsmanship and quality.
[1-Meter Directional Drop Test]
[150-Circle Tumbling Test]
[14,000 Micro-Drop Test]
[Water-Spray Test]
[1,000 25Kg Soft Pressure Tests]
[Stress Bending Test]
[500,000 On Button Press Tests]
[20,000 USB Plug/Unplug Tests]
[65°C 95%RH 168H High Temperature and High Humidity Test]
[100,000-Plus Rigorous Quality Tests]
* The data here refers to laboratory test data only and is not intended for quality assurance in daily use. The actual situation will be slightly different due to different test software versions, test environments, and versions.12 Months on Handset and 6 Months on Adapter & Cable"
"vivo Y28s 5G (Twinkling Purple, 128 GB)","₹15,999",4.3,8 GB RAM | 128 GB ROM | Expandable Upto 1 TB16.66 cm (6.56 inch) Display50MP + 0.08MP | 8MP Front Camera5000 mAh BatteryDimensity 6300 Processor1 Year Manufacturer Warranty for Device and 6 Months Manufacturer Warranty for Inbox Accessories
"Tecno Camon 30 5G (Basaltic Dark, 256 GB)","₹19,999",4,8 GB RAM | 256 GB ROM | Expandable Upto 1 TB17.22 cm (6.78 inch) Full HD+ Display50MP + 2MP | 50MP Front Camera5000 mAh BatteryMediatek Dimensity 7020 Processor1 year manufacturer Warranty
"vivo Y28s 5G (Vintage Red, 128 GB)","₹12,999",4.3,4 GB RAM | 128 GB ROM | Expandable Upto 1 TB16.66 cm (6.56 inch) Display50MP + 0.08MP | 8MP Front Camera5000 mAh BatteryDimensity 6300 Processor1 Year Manufacturer Warranty for Device and 6 Months Manufacturer Warranty for Inbox Accessories
"vivo Y200e 5G (Saffron Delight, 128 GB)","₹19,999",4.2,6 GB RAM | 128 GB ROM | Expandable Upto 1 TB16.94 cm (6.67 inch) Full HD+ Display50MP + 2MP | 16MP Front Camera5000 mAh BatterySnapdragon 4 Gen 2 Processor1 Year Manufacturer Warranty for Device and 6 Months Manufacturer Warranty for Inbox Accessories
"SAMSUNG Galaxy A15 5G (Blue, 128 GB)","₹17,599",4.3,8 GB RAM | 128 GB ROM | Expandable Upto 1 TB16.51 cm (6.5 inch) Full HD+ Display50MP + 5MP + 2MP | 13MP Front Camera5000 mAh BatteryDimensity 6100+ Processor1 Year Manufacturer Warranty for Device and 6 Months for In-Box Accessories
"realme 12 5G (Woodland Green, 128 GB)","₹17,999",4.3,8 GB RAM | 128 GB ROM | Expandable Upto 2 TB17.07 cm (6.72 inch) Full HD+ Display108MP + 2MP | 8MP Front Camera5000 mAh BatteryDimensity 6100+ Processor1 Year Manufacturer Warranty for Device and 6 Months Manufacturer Warranty for Inbox Accessories
"OPPO A3 Pro 5G (Moonlight Purple, 256 GB)","₹19,999",4.3,8 GB RAM | 256 GB ROM | Expandable Upto 1 TB16.94 cm (6.67 inch) Display50MP + 2MP | 8MP Front Camera5100 mAh BatteryDimensity 6300 5G Mobile Platform Processor1 Year Manufacturer Warranty for Device and 6 Months Manufacturer Warranty for Inbox Accessories
"realme 12 5G (Woodland Green, 128 GB)","₹16,999",4.4,6 GB RAM | 128 GB ROM | Expandable Upto 2 TB17.07 cm (6.72 inch) Full HD+ Display108MP + 2MP | 8MP Front Camera5000 mAh BatteryDimensity 6100+ Processor1 Year Manufacturer Warranty for Device and 6 Months Manufacturer Warranty for Inbox Accessories
"LAVA Blaze X 5G (?Titanium Grey, 128 GB)","₹16,999",3.6,8 GB RAM | 128 GB ROM16.94 cm (6.67 inch) Display64MP Rear Camera5000 mAh Battery1 Year Handset Warranty and 6 Months Warranty on Accessories
"LAVA Blaze X 5G (Starlight Purple, 128 GB)","₹15,999",4.2,6 GB RAM | 128 GB ROM16.94 cm (6.67 inch) Full HD+ Display64MP Rear Camera5000 mAh BatteryOcta-core 2.6GHz MediaTek Dimensity 7050 6nm processor Processor1 Year Handset Warranty and 6 Months Warranty on Accessories
"POCO M4 Pro (Power Black, 128 GB)","₹19,999",4.3,"6 GB RAM | 128 GB ROM | Expandable Upto 1 TB16.33 cm (6.43 inch) Full HD+ AMOLED Display64MP + 8MP + 2MP | 16MP Front Camera5000 mAh Lithium-ion Polymer BatteryMediatek Helio G96 ProcessorOne Year for Handset, 6 Months for Accessories"
"REDMI Note 11S (Horizon Blue, 128 GB)","₹11,999",4.2,8 GB RAM | 128 GB ROM16.33 cm (6.43 inch) Display108MP Rear Camera5000 mAh Battery1 Year Warranty
"realme 13 5G (Dark Purple, 256 GB)","₹19,999",4.3,8 GB RAM | 256 GB ROM | Expandable Upto 2 TB17.07 cm (6.72 inch) Full HD+ Display50MP + 2MP | 16MP Front Camera5000 mAh BatteryDimensity 6300 Processor1 Year Manufacturer Warranty for Device and 6 Months Manufacturer Warranty for Inbox Accessories
"LAVA Blaze X 5G (Starlight Purple, 128 GB)","₹14,999",4.3,4 GB RAM | 128 GB ROM16.94 cm (6.67 inch) Display64MP Rear Camera5000 mAh Battery1 Year Handset Warranty and 6 Months Warranty on Accessories
"REDMI Note 12 Pro 5G (Glacier Blue, 256 GB)","₹19,990",4.2,12 GB RAM | 256 GB ROM16.94 cm (6.67 inch) Full HD+ AMOLED Display50MP (OIS) + 8MP + 2MP | 16MP Front Camera5000 mAh Lithium Polymer BatteryMediatek Dimensity 1080 Processor1 Year Manufacturer Warranty for Phone and 6 Months Warranty for In the Box Accessories
"vivo Y16 (Steller Black, 64 GB)","₹8,999",4.3,4 GB RAM | 64 GB ROM | Expandable Upto 1 TB16.54 cm (6.51 inch) HD+ Display13MP + 2MP | 5MP Front Camera5000 mAh Lithium BatteryMediatek Helio P35 Processor1 Year of Device & 6 Months for In-Box Accessories
"vivo Y16 (Drizzling Gold, 64 GB)","₹8,999",4.3,4 GB RAM | 64 GB ROM | Expandable Upto 1 TB16.54 cm (6.51 inch) HD+ Display13MP + 2MP | 5MP Front Camera5000 mAh Lithium BatteryMediatek Helio P35 Processor1 Year of Device & 6 Months for In-Box Accessories
"POCO X6 Neo 5G (Astral Black, 256 GB)","₹17,999",4.2,12 GB RAM | 256 GB ROM | Expandable Upto 1 TB16.94 cm (6.67 inch) Full HD+ Display108MP + 2MP | 16MP Front Camera5000 mAh BatteryDimensity 6080 Processor1 Year Manufacturer Warranty for Phone and 6 Months Warranty for In the Box Accessories
"realme GT 5G (Dashing Silver, 128 GB)","₹19,999",4.2,8 GB RAM | 128 GB ROM16.33 cm (6.43 inch) Full HD+ Display64MP + 8MP + 2MP | 16MP Front Camera4500 mAh BatteryQualcomm Snapdragon 888 Processor1 Year Warranty for Mobile and 6 Months for Accessories
"REDMI Note 14 5G (Mystique White, 128 GB)","₹19,967",4.3,8 GB RAM | 128 GB ROM16.94 cm (6.67 inch) Display50MP Rear Camera5110 mAh Battery1 Year
"Tecno Camon 30 5G (Uyuni Salt White, 256 GB)","₹19,999",4,8 GB RAM | 256 GB ROM | Expandable Upto 1 TB17.22 cm (6.78 inch) Full HD+ Display50MP + 2MP | 50MP Front Camera5000 mAh BatteryMediatek Dimensity 7020 Processor1 year manufacturer Warranty
"vivo Y22 (Starlit Blue, 128 GB)","₹13,499",4.3,4 GB RAM | 128 GB ROM | Expandable Upto 1 TB16.64 cm (6.55 inch) HD+ Display50MP + 2MP | 8MP Front Camera5000 mAh Lithium BatteryMediatek Helio G70 Processor1 Year of Device & 6 Months for In-Box Accessories
"realme 13 5G (Dark Purple, 128 GB)","₹17,999",4.3,8 GB RAM | 128 GB ROM | Expandable Upto 2 TB17.07 cm (6.72 inch) Full HD+ Display50MP + 2MP | 16MP Front Camera5000 mAh BatteryDimensity 6300 Processor1 Year Manufacturer Warranty for Device and 6 Months Manufacturer Warranty for Inbox Accessories
"Tecno Camon 30 5G (Basaltic Dark, 256 GB)","₹19,999",4,8 GB RAM | 256 GB ROM | Expandable Upto 1 TB17.22 cm (6.78 inch) Full HD+ Display50MP + 2MP | 50MP Front Camera5000 mAh BatteryMediatek Dimensity 7020 Processor1 year manufacturer Warranty
"realme 13 5G (Dark Purple, 256 GB)","₹19,999",4.3,8 GB RAM | 256 GB ROM | Expandable Upto 2 TB17.07 cm (6.72 inch) Full HD+ Display50MP + 2MP | 16MP Front Camera5000 mAh BatteryDimensity 6300 Processor1 Year Manufacturer Warranty for Device and 6 Months Manufacturer Warranty for Inbox Accessories
"SAMSUNG Galaxy F23 5G (Aqua Blue, 128 GB)","₹17,499",4.2,4 GB RAM | 128 GB ROM | Expandable Upto 1 TB16.76 cm (6.6 inch) Full HD+ Display50MP + 8MP + 2MP | 8MP Front Camera5000 mAh Lithium Ion BatteryQualcomm Snapdragon 750G Processor1 Year Warranty Provided by the Manufacturer from Date of Purchase
"vivo T2 5G (Nitro Blaze, 128 GB)","₹15,999",4.4,6 GB RAM | 128 GB ROM16.21 cm (6.38 inch) Full HD+ Display64 MP (OIS) + 2MP | 16MP Front Camera4500 mAh BatterySnapdragon 695 Processor1 Year of Device & 6 Months for Inbox Accessories
"vivo T2 5G (Nitro Blaze, 128 GB)","₹17,999",4.3,8 GB RAM | 128 GB ROM16.21 cm (6.38 inch) Full HD+ Display64 MP (OIS) + 2MP | 16MP Front Camera4500 mAh BatterySnapdragon 695 Processor1 Year of Device & 6 Months for Inbox Accessories
"vivo Y22 (Metaverse Green, 128 GB)","₹11,990",4.3,6 GB RAM | 128 GB ROM | Expandable Upto 1 TB16.64 cm (6.55 inch) HD+ Display50MP + 2MP | 8MP Front Camera5000 mAh Lithium BatteryMediatek Helio G70 Processor1 Year of Device & 6 Months for In-Box Accessories
"REDMI Note 12 Pro 5G (Glacier Blue, 256 GB)","₹19,990",4.2,12 GB RAM | 256 GB ROM16.94 cm (6.67 inch) Full HD+ AMOLED Display50MP (OIS) + 8MP + 2MP | 16MP Front Camera5000 mAh Lithium Polymer BatteryMediatek Dimensity 1080 Processor1 Year Manufacturer Warranty for Phone and 6 Months Warranty for In the Box Accessories
"Motorola g54 5G (Midnight Blue, 256 GB)","₹16,999",4.2,12 GB RAM | 256 GB ROM | Expandable Upto 1 TB16.51 cm (6.5 inch) Full HD+ Display50MP (OIS) + 8MP | 16MP Front Camera6000 mAh BatteryDimensity 7020 Processor1 Year on Handset and 6 Months on Accessories
"realme 13 5G (Speed Green, 128 GB)","₹17,999",4.3,8 GB RAM | 128 GB ROM | Expandable Upto 2 TB17.07 cm (6.72 inch) Full HD+ Display50MP + 2MP | 16MP Front Camera5000 mAh BatteryDimensity 6300 Processor1 Year Manufacturer Warranty for Device and 6 Months Manufacturer Warranty for Inbox Accessories
"realme 13 5G (Dark Purple, 128 GB)","₹17,999",4.3,8 GB RAM | 128 GB ROM | Expandable Upto 2 TB17.07 cm (6.72 inch) Full HD+ Display50MP + 2MP | 16MP Front Camera5000 mAh BatteryDimensity 6300 Processor1 Year Manufacturer Warranty for Device and 6 Months Manufacturer Warranty for Inbox Accessories
"POCO X3 Pro (Steel Blue, 128 GB)","₹18,999",4.3,"6 GB RAM | 128 GB ROM | Expandable Upto 1 TB16.94 cm (6.67 inch) Full HD+ Display48MP + 8MP + 2MP + 2MP | 20MP Front Camera5160 mAh Lithium-ion Polymer BatteryQualcomm Snapdragon 860 ProcessorMultiple Hands-free Voice AssistantsOne Year Warranty for Handset, 6 Months for Accessories"
"OnePlus Nord CE 2 Lite 5G (Blue Tide, 128 GB)","₹19,499",4.4,6 GB RAM | 128 GB ROM16.74 cm (6.59 inch) Display64MP Rear Camera | 16MP Front Camera5000 mAh Battery12 Months
"OPPO A3 Pro 5G (Moonlight Purple, 128 GB)","₹17,990",4.3,8 GB RAM | 128 GB ROM | Expandable Upto 1 TB16.94 cm (6.67 inch) Full HD Display50MP + 50MP + 2MP | 13MP Dual Front Camera5100 mAh BatteryDimensity 6300 5G Mobile Platform Processor1 Year Manufacturer Warranty for Device and 6 Months Manufacturer Warranty for Inbox Accessories
"Mi 10T (Cosmic Black, 128 GB)","₹37,999",4.1,8 GB RAM | 128 GB ROM16.94 cm (6.67 inch) Full HD+ Display64MP + 13MP + 5MP | 20MP Front Camera5000 mAh Li-ion Polymer BatteryQualcomm Snapdragon 865 Processor144Hz Intelligent AdaptiveSync Display33W Dual Split Flash Charge1 Year Manufacturer Warranty for Device and 6 Months Manufacturer Warranty for In-box Accessories
"realme 12 5G (Twilight Purple, 128 GB)","₹16,999",4.4,6 GB RAM | 128 GB ROM | Expandable Upto 2 TB17.07 cm (6.72 inch) Full HD+ Display108MP + 2MP | 8MP Front Camera5000 mAh BatteryDimensity 6100+ Processor1 Year Manufacturer Warranty for Device and 6 Months Manufacturer Warranty for Inbox Accessories
"realme P1 Speed 5G (Brushed Blue, 128 GB)","₹17,999",4.3,8 GB RAM | 128 GB ROM | Expandable Upto 2 TB16.94 cm (6.67 inch) Full HD+ Display50MP + 2MP | 16MP Front Camera5000 mAh BatteryDimensity 7300 Energy Processor1 Year Manufacturer Warranty for Device and 6 Months Manufacturer Warranty for Inbox Accessories
"vivo Y22 (Starlit Blue, 128 GB)","₹15,499",4.3,6 GB RAM | 128 GB ROM | Expandable Upto 1 TB16.64 cm (6.55 inch) HD+ Display50MP + 2MP | 8MP Front Camera5000 mAh Lithium BatteryMediatek Helio G70 Processor1 Year of Device & 6 Months for In-Box Accessories
"LAVA Blaze X 5G (Starlight Purple, 128 GB)","₹16,999",3.6,8 GB RAM | 128 GB ROM16.94 cm (6.67 inch) Display64MP Rear Camera5000 mAh Battery1 Year Handset Warranty and 6 Months Warranty on Accessories
"Motorola G60 (Moonless, 128 GB)","₹15,999",4.1,6 GB RAM | 128 GB ROM17.22 cm (6.78 inch) Full HD+ Display108MP + 8MP + 2MP | 32MP Front Camera6000 mAh BatteryQualcomm Snapdragon 732G Processor120Hz Refresh RateStock Android Experience1 Year on Handset and 6 Months on Accessories
"SAMSUNG Galaxy A25 5G (Blue, 128 GB)","₹19,990",4.2,8 GB RAM | 128 GB ROM | Expandable Upto 1 TB16.51 cm (6.5 inch) Full HD+ Display50MP + 8MP + 2MP | 13MP Front Camera5000 mAh BatteryExynos 1280 Processor1 Year Manufacturer Warranty for Device and 6 Months for In-Box Accessories
"realme P1 Speed 5G (Textured Titanium, 128 GB)","₹17,999",4.3,8 GB RAM | 128 GB ROM | Expandable Upto 2 TB16.94 cm (6.67 inch) Full HD+ Display50MP + 2MP | 16MP Front Camera5000 mAh BatteryDimensity 7300 Energy Processor1 Year Manufacturer Warranty for Device and 6 Months Manufacturer Warranty for Inbox Accessories
"vivo T1 44W (Starry Sky, 128 GB)","₹15,999",4.4,6 GB RAM | 128 GB ROM | Expandable Upto 1 TB16.36 cm (6.44 inch) Full HD+ AMOLED Display50MP + 2MP + 2MP | 16MP Front Camera5000 mAh Lithium BatteryQualcomm Snapdragon 680 Processor1 Year Handset and 6 Months Accessories
"POCO M4 Pro (Yellow, 64 GB)","₹17,999",4.3,"6 GB RAM | 64 GB ROM | Expandable Upto 1 TB16.33 cm (6.43 inch) Full HD+ AMOLED Display64MP + 8MP + 2MP | 16MP Front Camera5000 mAh Lithium-ion Polymer BatteryMediatek Helio G96 ProcessorOne Year for Handset, 6 Months for Accessories"
"vivo Y56 5G (Black Engine, 128 GB)","₹15,999",4.2,4 GB RAM | 128 GB ROM16.71 cm (6.58 inch) Full HD+ Display50MP + 2MP | 16MP Front Camera5000 mAh BatteryMediatek Dimensity 700 Processor1 Year Manufacturer Warranty for Handset and 6 Months Manufacturer Warranty for In-Box Accessories
"REDMI Note 13 5G (Arctic White, 256 GB)","₹16,999",4.2,8 GB RAM | 256 GB ROM16.94 cm (6.67 inch) Display108MP Rear Camera5000 mAh Battery1 Year Brand Warranty
"realme X2 (Pearl White, 128 GB)","₹19,999",4.5,6 GB RAM | 128 GB ROM16.26 cm (6.4 inch) Full HD+ Display64MP + 8MP + 2MP + 2MP | 32MP Front Camera4000 mAh BatteryQualcomm Snapdragon 730G Processor30W VOOC 4.0 Fast ChargerBrand Warranty of 1 Year Available for Mobile and 6 Months for Accessories
"realme 3 Pro (Nitro Blue, 64 GB)","₹15,999",4.5,4 GB RAM | 64 GB ROM | Expandable Upto 256 GB16.0 cm (6.3 inch) Full HD+ Display16MP + 5MP | 25MP Front Camera4045 mAh BatteryQualcomm Snapdragon 710 Octa Core 2.2 GHz AIE ProcessorDual Nano SIM Slot and Memory Card SlotVOOC Flash Charge 3.0Brand Warranty of 1 Year Available for Mobile and 6 Months for Accessories
"POCO X6 Neo 5G (Horizon Blue, 256 GB)","₹17,999",4.2,12 GB RAM | 256 GB ROM | Expandable Upto 1 TB16.94 cm (6.67 inch) Full HD+ Display108MP + 2MP | 16MP Front Camera5000 mAh BatteryDimensity 6080 Processor1 Year Manufacturer Warranty for Phone and 6 Months Warranty for In the Box Accessories
"realme 12 Pro 5G (Navigator Beige, 128 GB)","₹19,999",4.4,8 GB RAM | 128 GB ROM17.02 cm (6.7 inch) Full HD+ Display50MP + 8MP + 32MP | 16MP Front Camera5000 mAh BatterySnapdragon 6 Gen 1 Processor1 Year Manufacturer Warranty for Device and 6 Months Manufacturer Warranty for Inbox Accessories
"SAMSUNG Galaxy F23 5G (Aqua Blue, 128 GB)","₹18,499",4.3,6 GB RAM | 128 GB ROM | Expandable Upto 1 TB16.76 cm (6.6 inch) Full HD+ Display50MP + 8MP + 2MP | 8MP Front Camera5000 mAh Lithium Ion BatteryQualcomm Snapdragon 750G Processor1 Year Warranty Provided by the Manufacturer from Date of Purchase
"POCO M4 Pro (Power Black, 64 GB)","₹17,999",4.3,"6 GB RAM | 64 GB ROM | Expandable Upto 1 TB16.33 cm (6.43 inch) Full HD+ AMOLED Display64MP + 8MP + 2MP | 16MP Front Camera5000 mAh Lithium-ion Polymer BatteryMediatek Helio G96 ProcessorOne Year for Handset, 6 Months for Accessories"
"POCO X4 Pro 5G (Laser Blue, 128 GB)","₹19,999",4.2,"6 GB RAM | 128 GB ROM | Expandable Upto 1 TB16.94 cm (6.67 inch) Full HD+ Super AMOLED Display64MP + 8MP + 2MP | 16MP Front Camera5000 mAh Lithium-ion Polymer BatteryQualcomm Snapdragon 695 5G ProcessorOne Year for Handset, 6 Months for Accessories"
"realme 12 Pro 5G (Submarine Blue, 128 GB)","₹19,999",4.4,8 GB RAM | 128 GB ROM17.02 cm (6.7 inch) Full HD+ Display50MP + 8MP + 32MP | 16MP Front Camera5000 mAh BatterySnapdragon 6 Gen 1 Processor1 Year Manufacturer Warranty for Device and 6 Months Manufacturer Warranty for Inbox Accessories
"POCO X2 (Phoenix Red, 256 GB)","₹20,999",4.5,8 GB RAM | 256 GB ROM | Expandable Upto 512 GB16.94 cm (6.67 inch) Full HD+ Display64MP + 8MP + 2MP + 2MP | 20MP + 2MP Dual Front Camera4500 mAh Lithium-ion Polymer BatteryQualcomm Snapdragon 730G ProcessorBrand Warranty of 1 Year Available for Mobile and 6 Months for Accessories
"POCO M3 Pro 5G (Cool Blue, 128 GB)","₹16,499",4.2,"6 GB RAM | 128 GB ROM | Expandable Upto 1 TB16.51 cm (6.5 inch) Full HD+ Display48MP + 2MP + 2MP | 8MP Front Camera5000 mAh Lithium-ion Polymer BatteryMediaTek Dimensity 700 ProcessorMultiple Hands-free Voice AssistantOne Year Warranty for Handset, 6 Months for Accessories"
"Infinix Note 40 5G (Titan Gold, 256 GB)","₹15,999",4.2,8 GB RAM | 256 GB ROM17.22 cm (6.78 inch) Full HD+ Display108MP + 2MP + 2MP | 32MP Front Camera5000 mAh BatteryDimensity 7020 Processor1 Year on Handset
"vivo Y56 5G (Black Engine, 128 GB)","₹17,999",4.3,8 GB RAM | 128 GB ROM16.71 cm (6.58 inch) Full HD+ Display50MP + 2MP | 16MP Front Camera5000 mAh BatteryMediatek Dimensity 700 Processor1 Year Manufacturer Warranty for Handset and 6 Months Manufacturer Warranty for In-Box Accessories
"realme 70 TURBO 5G (Turbo Yellow, 128 GB)","₹15,967",4.3,6 GB RAM | 128 GB ROM16.94 cm (6.67 inch) Full HD+ Display50MP Rear Camera5000 mAh BatterySegment's Fastest Dimensity 7300 Energy 5G Chipset Processor12 Months Brand warranty
"REDMI Note 13 5G (Chromatic Purple, 128 GB)","₹14,999",4.2,6 GB RAM | 128 GB ROM | Expandable Upto 1 TB16.94 cm (6.67 inch) Full HD+ Display108MP + 2MP | 16MP Front Camera5000 mAh BatteryDimensity 6080 Processor1 Year Manufacturer Warranty for Phone and 6 Months Warranty for In the Box Accessories
"realme 10 Pro+ 5G (Dark Matter, 128 GB)","₹24,999",4.4,6 GB RAM | 128 GB ROM17.02 cm (6.7 inch) Full HD+ Display108MP + 8MP + 2MP | 16MP Front Camera5000 mAh BatteryMediatek Dimensity 1080 5G Processor1 Year Manufacturer Warranty for Phone and 6 Months Warranty for In-Box Accessories
"REDMI Note 12 Pro 5G (Glacier Blue, 128 GB)","₹22,499",4.2,8 GB RAM | 128 GB ROM16.94 cm (6.67 inch) Full HD+ AMOLED Display50MP (OIS) + 8MP + 2MP | 16MP Front Camera5000 mAh Lithium Polymer BatteryMediatek Dimensity 1080 Processor1 Year Manufacturer Warranty for Phone and 6 Months Warranty for In the Box Accessories
"IQOO Z9X (Storm Grey, 128 GB)","₹19,990",4.4,8 GB RAM | 128 GB ROM17.07 cm (6.72 inch) Display50MP Rear Camera6000 mAh Battery1 Year Warranty on Handset and 6 Months Warranty on Inbox Accessories
"POCO X4 Pro 5G (Laser Blue, 128 GB)","₹21,999",4.2,"8 GB RAM | 128 GB ROM | Expandable Upto 1 TB16.94 cm (6.67 inch) Full HD+ Super AMOLED Display64MP + 8MP + 2MP | 16MP Front Camera5000 mAh Lithium-ion Polymer BatteryQualcomm Snapdragon 695 5G ProcessorOne Year for Handset, 6 Months for Accessories"
"SAMSUNG Galaxy M33 5G (Mystique Green, 128 GB)","₹19,999",4.2,6 GB RAM | 128 GB ROM16.74 cm (6.59 inch) Display50MP Rear Camera6000 mAh Battery12 Months Warranty
"Motorola g84 5G (Viva Magenta, 256 GB)","₹18,999",4.2,12 GB RAM | 256 GB ROM16.64 cm (6.55 inch) Full HD+ Display50MP (OIS) + 8MP | 16MP Front Camera5000 mAh BatterySnapdragon 695 Processor1 Year on Handset and 6 Months on Accessories
"Tecno Spark 20 Pro 5G (Neon Green, 128 GB)","₹15,999",4.1,8 GB RAM | 128 GB ROM17.22 cm (6.78 inch) HD+ Display108MP Rear Camera5000 mAh BatteryD6080 5G Processor Processor12 month warranty
"vivo T1 Pro 5G (Turbo Black, 128 GB)","₹23,999",4.4,6 GB RAM | 128 GB ROM16.36 cm (6.44 inch) Full HD+ AMOLED Display64MP + 8MP + 2MP | 16MP Front Camera4700 mAh Lithium BatteryQualcomm Snapdragon 778G 5G Mobile Platform Processor1 Year Handset and 6 Months Accessories
"SAMSUNG Galaxy M33 5G (Mystique Green, 128 GB)","₹18,399",4.2,8 GB RAM | 128 GB ROM16.76 cm (6.6 inch) Display50MP Rear Camera6000 mAh Battery1 Year Warranty
"vivo Y28 5G (Crystal Purple, 128 GB)","₹15,999",4.3,8 GB RAM | 128 GB ROM | Expandable Upto 1 TB16.66 cm (6.56 inch) Display50MP + 2MP | 8MP Front Camera5000 mAh BatteryDimensity 6020 Processor1 Year Manufacturer Warranty for Device and 6 Months Manufacturer Warranty for Inbox Accessories
"POCO F4 5G (Night Black, 256 GB)","₹19,999",4.3,12 GB RAM | 256 GB ROM16.94 cm (6.67 inch) Full HD+ Display64MP + 8MP + 2MP | 20MP Front Camera4500 mAh Lithium-ion Polymer BatteryQualcomm Snapdragon 870 Processor2 Years Brand Warranty
"POCO F4 5G (Night Black, 128 GB)","₹29,999",4.3,8 GB RAM | 128 GB ROM16.94 cm (6.67 inch) Full HD+ Display64MP + 8MP + 2MP | 20MP Front Camera4500 mAh Lithium-ion Polymer BatteryQualcomm Snapdragon 870 Processor2 Years Brand Warranty
"SAMSUNG Galaxy M33 5G (Mystique Green, 128 GB)","₹22,999",4.2,8 GB RAM | 128 GB ROM16.76 cm (6.6 inch) Display50MP Rear Camera6000 mAh Battery1 Year Warranty
"OPPO A3 5G (Nebula Red, 128 GB)","₹15,990",4.2,6 GB RAM | 128 GB ROM16.94 cm (6.67 inch) Full HD+ Display50MP Rear Camera5100 mAh BatteryDimensity 6300 Processor1 year
"SAMSUNG Galaxy A16 5G (Blue Black, 128 GB)","₹16,599",4.2,8 GB RAM | 128 GB ROM17.02 cm (6.7 inch) Full HD+ Display50MP + 5MP + 2MP | 13MP Front Camera5000 mAh BatteryDimensity 6300 Processor1 Year Manufacturer Warranty for Device and 6 Months for Inbox Accessories
"realme Narzo 30 Pro 5G (Sword Black, 128 GB)","₹16,499",4.3,8 GB RAM | 128 GB ROM | Expandable Upto 256 GB16.51 cm (6.5 inch) Full HD+ Display48MP + 8MP + 2MP | 16MP Front Camera5000 mAh BatteryMediaTek Dimensity 800U Processor1 Year Warranty for Mobile and 6 Months for Accessories
"realme 9 (Meteor Black, 128 GB)","₹22,999",4.4,8 GB RAM | 128 GB ROM | Expandable Upto 256 GB16.26 cm (6.4 inch) Full HD+ AMOLED Display108MP + 8MP + 2MP | 16MP Front Camera5000 mAh Lithium Ion BatteryQualcomm Snapdragon 680 Processor1 Year Manufacturer Warranty for Phone and 6 Months Warranty for In-Box Accessories
"REDMI Note 10S (Deep Sea Blue, 128 GB)","₹18,499",4.2,8 GB RAM | 128 GB ROM | Expandable Upto 512 GB16.33 cm (6.43 inch) Full HD+ Super AMOLED Display64MP + 8MP + 2MP + 2MP | 13MP Front Camera5000 mAh Lithium-Ploymer BatteryMediatek Helio G95 Processor1 Year Manufacturer Warranty for Phone and 6 Months Warranty for In the Box Accessories
"OPPO Reno2 Z (Sky, White, 256 GB)","₹19,499",4.5,8 GB RAM | 256 GB ROM16.59 cm (6.53 inch) Full HD+ Display48MP + 8MP + 2MP + 2MP4000 mAh Battery1 Year Manufacturer Warranty for Phone and 6 Months Warranty for In the Box Accessories
"realme 9 5G SE (Azure Glow, 128 GB)","₹15,999",4.4,6 GB RAM | 128 GB ROM | Expandable Upto 1 TB16.76 cm (6.6 inch) Full HD+ Display48MP + 2MP + 2MP | 16MP Front Camera5000 mAh Lithium Polymer BatteryQualcomm Snapdragon 778G Processor1 Year Warranty for Phone and 6 Months Warranty for In-Box Accessories
"REDMI Note 10S (Deep Sea Blue, 128 GB)","₹16,499",4.4,6 GB RAM | 128 GB ROM | Expandable Upto 512 GB16.33 cm (6.43 inch) Full HD+ Super AMOLED Display64MP + 8MP + 2MP + 2MP | 13MP Front Camera5000 mAh Lithium-Ploymer BatteryMediatek Helio G95 Processor1 Year Manufacturer Warranty for Phone and 6 Months Warranty for In the Box Accessories
"OPPO F25 Pro 5G (Lava Red, 128 GB)","₹19,999",4.3,8 GB RAM | 128 GB ROM | Expandable Upto 2 TB17.02 cm (6.7 inch) Full HD+ Display64MP + 8MP + 2MP | 32MP Front Camera5000 mAh BatteryDimensity 7050 Processor1 Year Manufacturer Warranty for Device and 6 Months Manufacturer Warranty for Inbox Accessories
"realme GT Neo 3 (Nitro Blue, 128 GB)","₹36,999",4.2,8 GB RAM | 128 GB ROM17.02 cm (6.7 inch) Full HD+ Display50MP + 8MP + 2MP | 16MP Front Camera5000 mAh Lithium Ion BatteryMediatek Dimensity 8100 Processor1 Year Manufacturer Warranty for Phone and 6 Months Warranty for In-Box Accessories
"REDMI Note 13 Pro 5G (Midnight Black, 128 GB)","₹19,999",4.3,8 GB RAM | 128 GB ROM16.94 cm (6.67 inch) Display200MP (OIS) + 8MP + 2MP | 16MP Front Camera5100 mAh Battery7s Gen 2 Mobile Platform 5G Processor1 Year Manufacturer Warranty for Phone and 6 Months Warranty for In the Box Accessories
"SAMSUNG Galaxy A15 5G (Blue Black, 128 GB)","₹14,399",4.3,6 GB RAM | 128 GB ROM | Expandable Upto 1 TB16.51 cm (6.5 inch) Full HD+ Display50MP + 5MP + 2MP | 13MP Front Camera5000 mAh BatteryDimensity 6100+ Processor1 Year Manufacturer Warranty for Device and 6 Months for In-Box Accessories
"realme 9 (Sunburst Gold, 128 GB)","₹22,999",4.4,8 GB RAM | 128 GB ROM | Expandable Upto 256 GB16.26 cm (6.4 inch) Full HD+ AMOLED Display108MP + 8MP + 2MP | 16MP Front Camera5000 mAh Lithium Ion BatteryQualcomm Snapdragon 680 Processor1 Year Manufacturer Warranty for Phone and 6 Months Warranty for In-Box Accessories
"realme 10 Pro 5G (Nebula Blue, 128 GB)","₹18,999",4.3,6 GB RAM | 128 GB ROM | Expandable Upto 1 TB17.07 cm (6.72 inch) Full HD+ Display108MP + 2MP | 16MP Front Camera5000 mAh BatteryQualcomm Snapdragon 695 5G Processor1 Year Manufacturer Warranty for Phone and 6 Months Warranty for In-Box Accessories
"Motorola g54 5G (Mint Green, 256 GB)","₹16,999",4.2,12 GB RAM | 256 GB ROM | Expandable Upto 1 TB16.51 cm (6.5 inch) Full HD+ Display50MP (OIS) + 8MP | 16MP Front Camera6000 mAh BatteryDimensity 7020 Processor1 Year on Handset and 6 Months on Accessories
"SAMSUNG Galaxy F34 5G (Electric Black, 128 GB)","₹19,999",4.2,6 GB RAM | 128 GB ROM | Expandable Upto 1 TB16.51 cm (6.5 inch) Full HD+ Display50MP (OIS) + 8MP + 2MP | 13MP Front Camera6000 mAh BatteryExynos 1280 Processor1 Year Manufacturer Warranty for Device and 6 Months Manufacturer Warranty for In-Box Accessories
"SAMSUNG Galaxy F34 5G (Orchid Violet, 128 GB)","₹19,999",4.2,6 GB RAM | 128 GB ROM | Expandable Upto 1 TB16.51 cm (6.5 inch) Full HD+ Display50MP (OIS) + 8MP + 2MP | 13MP Front Camera6000 mAh BatteryExynos 1280 Processor1 Year Manufacturer Warranty for Device and 6 Months Manufacturer Warranty for In-Box Accessories
"REDMI 11 Prime 5G (Meadow Green, 128 GB)","₹12,590",4.2,6 GB RAM | 128 GB ROM16.71 cm (6.58 inch) Display5MP Rear Camera5000 mAh Battery1 Year Warranty
"realme 11x 5G (Midnight Black, 128 GB)","₹15,999",4.3,8 GB RAM | 128 GB ROM | Expandable Upto 2 TB17.07 cm (6.72 inch) Full HD+ Display64MP + 2MP | 8MP Front Camera5000 mAh BatteryDimensity 6100+ Processor1 Year Manufacturer Warranty for Phone and 6 Months Warranty for In the Box Accessories
"REDMI Note 13 5G (Arctic White, 256 GB)","₹18,499",4.1,12 GB RAM | 256 GB ROM16.94 cm (6.67 inch) Display108MP Rear Camera5000 mAh Battery1 Year Brand Warranty
"Motorola g52 (Charcoal Grey, 64 GB)","₹10,999",4.1,4 GB RAM | 64 GB ROM16.76 cm (6.6 inch) Full HD+ Display50MP + 8MP + 2MP | 16MP Front Camera5000 mAh Lithium BatteryQualcomm Snapdragon 680 Processor1 Year on Handset and 6 Months on Accessories
"POCO M2 Pro (Green and Greener, 128 GB)","₹16,999",4.4,"6 GB RAM | 128 GB ROM | Expandable Upto 512 GB16.94 cm (6.67 inch) Full HD+ Display48MP + 8MP + 5MP + 2MP | 16MP Front Camera5000 mAh Lithium-ion Polymer BatteryQualcomm Snapdragon 720G Processor1 Year for Handset, 6 Months for Accessories"
"realme 11 5G (Glory Black, 256 GB)","₹19,490",4.3,8 GB RAM | 256 GB ROM | Expandable Upto 2 TB17.07 cm (6.72 inch) Full HD+ Display108MP + 2MP | 16MP Front Camera5000 mAh BatteryDimensity 6100+ Processor1 Year Manufacturer Warranty for Phone and 6 Months Warranty for In the Box Accessories
"OPPO Reno2 Z (Sky, White, 256 GB)","₹19,499",4.5,8 GB RAM | 256 GB ROM16.59 cm (6.53 inch) Full HD+ Display48MP + 8MP + 2MP + 2MP4000 mAh Battery1 Year Manufacturer Warranty for Phone and 6 Months Warranty for In the Box Accessories
"REDMI Note 14 5G (Phantom Purple, 128 GB)","₹19,999",4.3,8 GB RAM | 128 GB ROM16.94 cm (6.67 inch) Display50MP Rear Camera5110 mAh Battery1 Year
"OPPO A78 5G (Glowing Blue, 128 GB)","₹16,960",4.3,8 GB RAM | 128 GB ROM16.66 cm (6.56 inch) HD+ Display50MP + 2MP | 8MP Front Camera5000 mAh Battery6833 Processor1 Year Manufacturer Warranty for Phone and 6 Months Warranty for In the Box Accessories
"realme 8s 5G (Universe Blue, 128 GB)","₹19,999",4.4,8 GB RAM | 128 GB ROM | Expandable Upto 1 TB16.51 cm (6.5 inch) Full HD+ Display64MP + 2MP + 2MP | 16MP Front Camera5000 mAh BatteryMediaTek Dimensity 810 5G Processor33 W Charger1 Year Warranty for Mobile and 6 Months for Accessories
"realme 8s 5G (Universe Purple, 128 GB)","₹17,999",4.4,6 GB RAM | 128 GB ROM | Expandable Upto 1 TB16.51 cm (6.5 inch) Full HD+ Display64MP + 2MP + 2MP | 16MP Front Camera5000 mAh BatteryMediaTek Dimensity 810 5G Processor33 W Charger1 Year Warranty for Mobile and 6 Months for Accessories
"REDMI Note 11 (Space Black, 64 GB)","₹9,990",4.2,4 GB RAM | 64 GB ROM16.33 cm (6.43 inch) Display50MP Rear Camera | 13MP Front Camera5000 mAh Battery12 Months Warranty
"POCO X4 Pro 5G (Laser Black, 64 GB)","₹18,999",4.2,"6 GB RAM | 64 GB ROM | Expandable Upto 1 TB16.94 cm (6.67 inch) Full HD+ Super AMOLED Display64MP + 8MP + 2MP | 16MP Front Camera5000 mAh Lithium-ion Polymer BatteryQualcomm Snapdragon 695 5G ProcessorOne Year for Handset, 6 Months for Accessories"
"vivo T1 5G (Starlight Black, 128 GB)","₹16,990",4.4,6 GB RAM | 128 GB ROM | Expandable Upto 1 TB16.71 cm (6.58 inch) Full HD+ Display50MP + 2MP + 2MP | 16MP Front Camera5000 mAh Lithium BatteryQualcomm Snapdragon 695 Processor1 Year Handset and 6 Months Accessories
"REDMI 11 Prime 5G (Meadow Green, 128 GB)","₹14,999",4.2,6 GB RAM | 128 GB ROM16.71 cm (6.58 inch) Display5MP Rear Camera5000 mAh Battery1 Year Warranty
"realme 9 5G (Stargaze White, 128 GB)","₹15,499",4.4,6 GB RAM | 128 GB ROM | Expandable Upto 1 TB16.51 cm (6.5 inch) Full HD+ Display48MP + 2MP + 2MP | 16MP Front Camera5000 mAh Lithium Polymer BatteryMediatek Dimensity 810 Processor1 Year Warranty for Phone and 6 Months Warranty for In-Box Accessories
"SAMSUNG Galaxy M32 5G (Sky Blue, 128 GB)","₹16,485",4.2,8 GB RAM | 128 GB ROM | Expandable Upto 1 TB16.51 cm (6.5 inch) HD+ Display48MP + 8MP + 5MP + 2MP | 13MP Front Camera5000 mAh BatteryDimensity 720 5G Processor1 Year Warranty Provided by the Manufacturer from Date of Purchase
"REDMI Note 12 5G (Matte Black, 128 GB)","₹14,999",3.9,4 GB RAM | 128 GB ROM | Expandable Upto 1 TB16.94 cm (6.67 inch) Full HD+ AMOLED Display48MP + 8MP + 2MP | 13MP Front Camera5000 mAh BatteryQualcomm Snapdragon 4 Gen 1 Processor1 Year Manufacturer Warranty for Phone and 6 Months Warranty for In the Box Accessories
"realme 9 (Meteor Black, 128 GB)","₹20,999",4.4,6 GB RAM | 128 GB ROM | Expandable Upto 256 GB16.26 cm (6.4 inch) Full HD+ AMOLED Display108MP + 8MP + 2MP | 16MP Front Camera5000 mAh Lithium Ion BatteryQualcomm Snapdragon 680 Processor1 Year Manufacturer Warranty for Phone and 6 Months Warranty for In-Box Accessories
"POCO X4 Pro 5G (Laser Black, 128 GB)","₹19,999",4.2,"6 GB RAM | 128 GB ROM | Expandable Upto 1 TB16.94 cm (6.67 inch) Full HD+ Super AMOLED Display64MP + 8MP + 2MP | 16MP Front Camera5000 mAh Lithium-ion Polymer BatteryQualcomm Snapdragon 695 5G ProcessorOne Year for Handset, 6 Months for Accessories"
"POCO X4 Pro 5G (Laser Black, 128 GB)","₹21,999",4.2,"8 GB RAM | 128 GB ROM | Expandable Upto 1 TB16.94 cm (6.67 inch) Full HD+ Super AMOLED Display64MP + 8MP + 2MP | 16MP Front Camera5000 mAh Lithium-ion Polymer BatteryQualcomm Snapdragon 695 5G ProcessorOne Year for Handset, 6 Months for Accessories"
"vivo T1 5G (Rainbow Fantasy, 128 GB)","₹15,990",4.3,4 GB RAM | 128 GB ROM | Expandable Upto 1 TB16.71 cm (6.58 inch) Full HD+ Display50MP + 2MP + 2MP | 16MP Front Camera5000 mAh Lithium BatteryTurbo Processor Snapdragon 695 Processor1 Year Handset and 6 Months Accessories
"SAMSUNG Galaxy F34 5G (Orchid Violet, 128 GB)","₹19,999",4.2,6 GB RAM | 128 GB ROM | Expandable Upto 1 TB16.51 cm (6.5 inch) Full HD+ Display50MP (OIS) + 8MP + 2MP | 13MP Front Camera6000 mAh BatteryExynos 1280 Processor1 Year Manufacturer Warranty for Device and 6 Months Manufacturer Warranty for In-Box Accessories
"REDMI Note 13 Pro 5G (Coral Purple, 128 GB)","₹19,699",4.3,8 GB RAM | 128 GB ROM16.94 cm (6.67 inch) Display200MP (OIS) + 8MP + 2MP | 16MP Front Camera5100 mAh Battery7s Gen 2 Mobile Platform 5G Processor1 Year Manufacturer Warranty for Phone and 6 Months Warranty for In the Box Accessories
"REDMI Note 12 5G (Mystique Blue, 128 GB)","₹12,990",3.9,4 GB RAM | 128 GB ROM | Expandable Upto 1 TB16.94 cm (6.67 inch) Full HD+ AMOLED Display48MP + 8MP + 2MP | 13MP Front Camera5000 mAh BatteryQualcomm Snapdragon 4 Gen 1 Processor1 Year Manufacturer Warranty for Phone and 6 Months Warranty for In the Box Accessories
"realme 10 Pro 5G (Hyperspace, 128 GB)","₹18,999",4.3,6 GB RAM | 128 GB ROM | Expandable Upto 1 TB17.07 cm (6.72 inch) Full HD+ Display108MP + 2MP | 16MP Front Camera5000 mAh BatteryQualcomm Snapdragon 695 5G Processor1 Year Manufacturer Warranty for Phone and 6 Months Warranty for In-Box Accessories
"realme 10 Pro 5G (Hyperspace, 128 GB)","₹19,999",4.3,8 GB RAM | 128 GB ROM | Expandable Upto 1 TB17.07 cm (6.72 inch) Full HD+ Display108MP + 2MP | 16MP Front Camera5000 mAh BatteryQualcomm Snapdragon 695 5G Processor1 Year Manufacturer Warranty for Phone and 6 Months Warranty for In-Box Accessories
